codigo;descricao;situacao;quantidadeEstoque
7894900700398;COCA COLA 220ML ZERO;ATIVO;14610.0
5601252231164;AZEITE EXTRA VIRGEM 500ML GALLO VIDRO;ATIVO;8443.0
7891000359822;ACHOCOLATADO NESCAU 180ML;ATIVO;6777.0
7898275012919;PETBRILHO SH/COND.ANTIPULGAS 3EM1 500ML;ATIVO;-1.0
7894383000183;BRINQUEDO CARRINHO FIAT TORO;ATIVO;-1.0
436;FILE PEIXE POLACA KG;ATIVO;-1.04
1064;DINDIN GOURMET SABORES UN;ATIVO;-84.0
969;SANDALIA HAVAIANAS BRASIL 10;ATIVO;-3.0
34;JERIMUM LEITE KG;ATIVO;-28195.283
795;QUEIJO ILPLA MUSSARELA LIGHT KG;ATIVO;-3.155
96;BATATA DOCE BRANCA KG;ATIVO;-21952.559
758;PATE DA CASA SALAMINHO ITALIANO K;ATIVO;-8.549
2;ALFACE CRESPA;ATIVO;-18664.716
52;BETERRABA KG;ATIVO;-9722.975
1902;ABACAXI FATIADO KG;ATIVO;-1098.933
7500435138703;ESC.DENTAL ORAL B ULTRAF.GENGI.DETOX C/3;ATIVO;-1.0
964;REPOLHO VERDE RALADO;ATIVO;-161.4
7898939778267;PASTEL GRAO INT.FRANGO 120G;ATIVO;-5.0
78912366;BATON GAROTO CHOC.BRANCO 16G;ATIVO;-3001.0
7897744504214;COALA DIFUSOR BAMBU 100ML;ATIVO;-1.0
162;AGUA DE COCO 1LT;ATIVO;-9826.0
928;SACO P/PRESENTE DECOR./LISO DIV.15X22CM;ATIVO;-6209.045
71;ALFACE LIZA UND;ATIVO;-92.0
629;PERDIGAO PERNIL SUINO TEMP.CONG.KG;ATIVO;0.0
678;FILE PEIXE DOUARDA KG;ATIVO;0.0
7898910124335;CEDAN RACOES P/CANARIO BELGA 500G;ATIVO;0.0
7897144601353;COND.BEN 10 RED FRUITS 320ML;ATIVO;0.0
7897518225093;SADIO PURO ALHO SEM SAL 440G*;ATIVO;0.0
7898649351026;FIT FOOD VEGGIE CHIPS CEBOLA E SALSA 40G;ATIVO;0.0
7898958872557;DELICARI IOGURTE 340G GREGO DOCE LEITE;ATIVO;0.0
7591543119753;SILVER FESTAS VELA ESPIRAL BRANCA C/16*;ATIVO;0.0
78930476;FITA ADESIVA DUREX 3M 12MMX30M*;ATIVO;0.0
7899711508041;CORDAO PROLONGADO FORTLUX 3MT;ATIVO;0.0
90159060789;BRINQ. CONJ. MAISTO AGRI.MINI TRATOR AZ;ATIVO;0.0
7891344015774;LUBRAX MOTO AT PRO 10W-30 1LT;ATIVO;0.0
5605801250187;VH TT PORTUGUES SEI LA SECO 750ML;ATIVO;0.0
4210201826613;ESC.DENTAL ORAL B ELETRICA PRO SAUDE;ATIVO;0.0
7899085641269;CAMARAO DOBOM RECHECADO QUATRO QUEIJO400;ATIVO;0.0
125;AURORA PERNIL C/OSSO TEMPERADO;ATIVO;0.0
7899970403729;CHOCOLATE HERSHEYS 75G SPE.DARK 80% ORIG;ATIVO;0.0
7896033241236;CONJ.ESC/PENTE MIKEY LILO 3D VER.R082820;ATIVO;0.0
7896085393365;LEITE 1L SEMIDESNAT.VALEDOURADO ZERO LAC;ATIVO;0.0
7897753668242;EURO HOME FRIGID.COLOSTONE 22CM WOODEN;ATIVO;0.0
7908492701531;CHOCOLATE LINDT LINDOR SORTIDO 100G;ATIVO;12.0
7891098041418;CHA LEAO AG/GELADA VERDE GENG/LIMAO25G;ATIVO;33.0
7908324402841;SABAO PEDRA MINUANO GLICERINADO 180G;ATIVO;662.0
7896098905333;LAVA LOUCA YPE 1KG PO 3EM1;ATIVO;363.0
7898967570079;CACHACA PRECIOSA DO VALE 1LT UMBURANA;ATIVO;10.0
7898933494002;POLPA FRUTA PE DE FRUTA GELO VERDE 400G;ATIVO;25.0
7896336016289;AMENDOIM STA HEL.CROKISSIMO SALG 90G AGR;ATIVO;83.0
7896013105039;TIRA MANCHAS BRILUX  O2 BRANQ.L250 P230G;ATIVO;113.0
735810180634;UVA THOMPSOM 500G PREFERITA;ATIVO;382.0
7898321380603;MULTISABOR POLPA FRUTA MANGA 100G;ATIVO;1679.0
7891048050606;DR.OETKER GELATINA PO 20G ABACAXI;ATIVO;264.0
5019;*ROLETE P/PAPEL PLASTICO ASTRA;ATIVO;1.0
7896272000830;VALE FERTIL AZEITONA 160G VERDE S/CAROCO;ATIVO;3043.0
618231367108;SORVETE AMORE DILATTE 150ML BRIGAD.BELGA;ATIVO;23.0
8410036002916;ESPUMANTE FREIXENET CARTA NEVADA 1500ML;ATIVO;4.0
7894693043832;TRAMONTINA LIXEIRA UTIL PRT 5L 94540/024;ATIVO;1.0
7891091061765;SALGADINHO PIPPOS 200G QUEIJO;ATIVO;220.0
179;SEARA PANCETA SUINA KG;ATIVO;1.172
7896945403296;TAMBAU DOCE POLY BANANADA 500G;ATIVO;243.0
7898760040106;VIDA VEG.HOMUS P. GRAO DE BIC AL LI 100G;ATIVO;11.0
7891024114216;SABONETE LIQ.PROTEX 250ML AVEIA;ATIVO;249.0
7891079014295;NISSIN MIOJO 80G LAMEN CARNE PICANTE;ATIVO;186.0
7896029046494;RACAO KIT E KAT 70G CORDEIROAO MOLHO SC;ATIVO;324.0
7891112324299;TRAMONTINA FRIG.FUNDA 28CM LORETO GRA;ATIVO;9.0
7891112337626;TRAMONTINA POTE MIX COLOR 1,5L;ATIVO;23.0
7896007545094;INTIMUS ABS.GEL LV16 PG14 C/ABAS SUAVE;ATIVO;483.0
7896359004294;SANREMO VASO REDONDO 22CM 515V/93;ATIVO;73.0
7896283007439;JASMINE WRAP S/GLUT.CHIA E LINHACA 240G;ATIVO;319.0
7897326800130;CAIXA TERMICA ISOPLAST 13L;ATIVO;24.0
7891112003675;TRAMONTINA FACA PEIX.CARBONO 7P 22950107;ATIVO;3.0
7891150024571;SORVETE KIBON 2L CREMOSSIMO NAP.ESPECIAL;ATIVO;30.0
7898202615022;STRAWPLAST REFEICAO GARFO C/50U BRANCO;ATIVO;73.0
7898723631839;GELEINHA SLIME 180G BARBIE;ATIVO;33.0
7898202617064;STRAWPLAST FORTE FACA C/50U BRANCO;ATIVO;46.0
7891112348370;TRAM. POTE MANT. MIX COLOR CZ 1,5;ATIVO;2.0
7891055112403;CONDOR RODO MULTIUSO 30CM;ATIVO;118.0
7891150075276;SHAMPOO CLEAR 200ML CABELO E BARBA;ATIVO;75.0
7896036001349;ELEFANTE EXTRATO TOMATE SACHET 190G*;ATIVO;888.0
7898270967122;KARUI AGAR-AGAR KANTEN S/SABOR INCOL.20G;ATIVO;15.0
7896001200142;LINEA CHOCOLATE 75G BRANCO COOKIES CREAM;ATIVO;57.0
8001860187735;SCOTTI ARROZ NEGRO VENERE 500G;ATIVO;21.0
7896009301131;ATUM COQUEIRO 170G RALADO OLEO;ATIVO;320.0
7896022204143;MASSA SEMOLA RENATA TALHARIM 3 CAS.500G;ATIVO;82.0
7898951850095;BARILLA MASSA PENNE C/OVOS 500G;ATIVO;375.0
7898205925463;IOGURTE VERDE CAMPO NAT.WHEY10G CRAN170G;ATIVO;20.0
7891097103230;BEBIDA LACTEA ELEGE 1,15KG SALADA FRUTAS;ATIVO;26.0
7896041172706;ODERICH MOSTARDA 190G;ATIVO;28.0
7908615062556;NIELY COR & TON TINT.S/AMONIA 6.66 VER.C;ATIVO;29.0
7500435127271;ABS.ALWAYS C/8UND SUP.PROT.SUAVE S/ABAS;ATIVO;182.0
7861002901831;TIC TAC 49G MENTA;ATIVO;245.0
7896731019854;BALA PIETROBON ALGODAO DOCE 600G;ATIVO;24.0
7891962076362;BAUDUCCO BOLO DUPLO CHOCOLATE 200G;ATIVO;115.0
7891025123200;ACTIVIA 510G MORANGO;ATIVO;118.0
7896342400683;MERCUR BORRACHA TONS PASTEIS C/02;ATIVO;16.0
7896279106597;OLEO AMENDOA MURIEL C/AVELA 150ML;ATIVO;24.0
7896619428099;LAMPADA EMPALUX LED 10W BRANCA;ATIVO;500.0
7898697790921;TURMA MONICA R CAES AD R M/G FR CE 2.5KG;ATIVO;5.0
